﻿{
    "providers": [
      {
        "type": "bitmap",
        "file": "minecraft:font/logoprince.png",
        "ascent": 32,
        "height": 128,
        "chars": ["\uE000"]
      },
      {
        "type": "bitmap",
        "file": "minecraft:font/logoprince.png",
        "ascent": 65,
        "height": 80,
        "chars": ["\uE001"]
      },
      {
        "type": "bitmap",
        "file": "minecraft:font/logoprince.png",
        "ascent": 65,
        "height": 120,
        "chars": ["\uE002"]
      },
      {
        "type": "bitmap",
        "file": "minecraft:font/health-bar.png",
        "ascent": 7,
        "height": 7,
        "chars": ["\uE003"]
      },
      {
        "type": "bitmap",
        "file": "player.png",
        "ascent": 7,
        "height": 8,
        "chars": ["ꐕ"]
      },
      {
        "type": "bitmap",
        "file": "helper.png",
        "ascent": 7,
        "height": 8,
        "chars": ["ꐖ"]
      },
      {
        "type": "bitmap",
        "file": "mod.png",
        "ascent": 7,
        "height": 8,
        "chars": ["ꐗ"]
      },
      {
        "type": "bitmap",
        "file": "admin.png",
        "ascent": 7,
        "height": 8,
        "chars": ["ꐘ"]
      },
      {
        "type": "bitmap",
        "file": "owner.png",
        "ascent": 7,
        "height": 8,
        "chars": ["ꐙ"]
      },
      {
        "type": "bitmap",
        "file": "manager.png",
        "ascent": 7,
        "height": 8,
        "chars": ["ꐚ"]
      },
      {
        "type": "bitmap",
        "file": "coal.png",
        "ascent": 7,
        "height": 8,
        "chars": ["ꐛ"]
      },
      {
        "type": "bitmap",
        "file": "iron.png",
        "ascent": 7,
        "height": 8,
        "chars": ["ꐜ"]
      },
      {
        "type": "bitmap",
        "file": "gold.png",
        "ascent": 7,
        "height": 8,
        "chars": ["ꐝ"]
      },
      {
        "type": "bitmap",
        "file": "diamond.png",
        "ascent": 7,
        "height": 8,
        "chars": ["ꐞ"]
      },
      {
        "type": "bitmap",
        "file": "gizmo/shift.png",
        "ascent": -32768,
        "height": 48,
        "chars": ["\uE097"]
      },
      {
        "type": "bitmap",
        "file": "gizmo/shift.png",
        "ascent": -32768,
        "height": -1013,
        "chars": ["\uE098"]
      },
      {
        "type": "bitmap",
        "file": "gizmo/shift.png",
        "ascent": -32768,
        "height": -1536,
        "chars": ["\uE099"]
      },
      {
        "type": "bitmap",
        "file": "gizmo/welcome-screen.png",
        "ascent": 25,
        "height": 256,
        "chars": ["\uE100"]
      },
      {
        "type": "bitmap",
        "file": "gizmo/background.png",
        "ascent": 256,
        "height": 2500,
        "chars": ["\uE101"]
      }
    ]
}