{
    "sources": [
        {
            "type": "directory",
            "source": "custom",
            "prefix": "custom/"
        },
        {
            "type": "single",
            "resource": "minecraft:default/vote_chest",
            "sprite": "minecraft:default/vote_chest"
        },
        {
            "type": "single",
            "resource": "minecraft:default/squid_chest",
            "sprite": "minecraft:default/squid_chest"
        },
        {
            "type": "single",
            "resource": "minecraft:default/whale_chest",
            "sprite": "minecraft:default/whale_chest"
        },
        {   "type": "directory",
            "source": "gizmo",
            "prefix": "gizmo/"
        }
    ]
}
