{
    "parent": "item/generated",
    "textures": { "layer0": "item/paper" },
    "overrides": [
        {
            "predicate": { "custom_model_data": 991 },
            "model": "default/vote_chest"
        },
        {
            "predicate": { "custom_model_data": 992 },
            "model": "default/squid_chest"
        },
        {
            "predicate": { "custom_model_data": 993 },
            "model": "default/whale_chest"
        },
        {
            "predicate": { "custom_model_data": 1001 },
            "model": "custom/vote_key"
        },
        {
            "predicate": { "custom_model_data": 1002 },
            "model": "custom/squid_key"
        },
        {
            "predicate": { "custom_model_data": 1003 },
            "model": "custom/whale_key"
        }
    ]
}